
<annotation>
    <folder>images</folder>
    <filename>Cars162.png</filename>
    <size>
        <width>560</width>
        <height>315</height>
        <depth>3</depth>
    </size>
    <segmented>0</segmented>
    <object>
        <name>licence</name>
        <pose>Unspecified</pose>
        <truncated>0</truncated>
        <occluded>0</occluded>
        <difficult>0</difficult>
        <bndbox>
            <xmin>201</xmin>
            <ymin>168</ymin>
            <xmax>268</xmax>
            <ymax>213</ymax>
        </bndbox>
    </object>
</annotation>