
<annotation>
    <folder>images</folder>
    <filename>Cars268.png</filename>
    <size>
        <width>300</width>
        <height>225</height>
        <depth>3</depth>
    </size>
    <segmented>0</segmented>
    <object>
        <name>licence</name>
        <pose>Unspecified</pose>
        <truncated>0</truncated>
        <occluded>0</occluded>
        <difficult>0</difficult>
        <bndbox>
            <xmin>213</xmin>
            <ymin>133</ymin>
            <xmax>271</xmax>
            <ymax>168</ymax>
        </bndbox>
    </object>
</annotation>