
<annotation>
    <folder>images</folder>
    <filename>Cars172.png</filename>
    <size>
        <width>457</width>
        <height>422</height>
        <depth>3</depth>
    </size>
    <segmented>0</segmented>
    <object>
        <name>licence</name>
        <pose>Unspecified</pose>
        <truncated>0</truncated>
        <occluded>0</occluded>
        <difficult>0</difficult>
        <bndbox>
            <xmin>173</xmin>
            <ymin>209</ymin>
            <xmax>301</xmax>
            <ymax>239</ymax>
        </bndbox>
    </object>
</annotation>