
<annotation>
    <folder>images</folder>
    <filename>Cars249.png</filename>
    <size>
        <width>400</width>
        <height>247</height>
        <depth>3</depth>
    </size>
    <segmented>0</segmented>
    <object>
        <name>licence</name>
        <pose>Unspecified</pose>
        <truncated>0</truncated>
        <occluded>0</occluded>
        <difficult>0</difficult>
        <bndbox>
            <xmin>118</xmin>
            <ymin>91</ymin>
            <xmax>149</xmax>
            <ymax>99</ymax>
        </bndbox>
    </object>
    <object>
        <name>licence</name>
        <pose>Unspecified</pose>
        <truncated>0</truncated>
        <occluded>0</occluded>
        <difficult>0</difficult>
        <bndbox>
            <xmin>238</xmin>
            <ymin>60</ymin>
            <xmax>269</xmax>
            <ymax>79</ymax>
        </bndbox>
    </object>
    <object>
        <name>licence</name>
        <pose>Unspecified</pose>
        <truncated>0</truncated>
        <occluded>0</occluded>
        <difficult>0</difficult>
        <bndbox>
            <xmin>133</xmin>
            <ymin>195</ymin>
            <xmax>161</xmax>
            <ymax>203</ymax>
        </bndbox>
    </object>
    <object>
        <name>licence</name>
        <pose>Unspecified</pose>
        <truncated>0</truncated>
        <occluded>0</occluded>
        <difficult>0</difficult>
        <bndbox>
            <xmin>300</xmin>
            <ymin>208</ymin>
            <xmax>354</xmax>
            <ymax>226</ymax>
        </bndbox>
    </object>
</annotation>