
<annotation>
    <folder>images</folder>
    <filename>Cars320.png</filename>
    <size>
        <width>375</width>
        <height>500</height>
        <depth>3</depth>
    </size>
    <segmented>0</segmented>
    <object>
        <name>licence</name>
        <pose>Unspecified</pose>
        <truncated>0</truncated>
        <occluded>0</occluded>
        <difficult>0</difficult>
        <bndbox>
            <xmin>99</xmin>
            <ymin>225</ymin>
            <xmax>257</xmax>
            <ymax>266</ymax>
        </bndbox>
    </object>
</annotation>