
<annotation>
    <folder>images</folder>
    <filename>Cars198.png</filename>
    <size>
        <width>442</width>
        <height>333</height>
        <depth>3</depth>
    </size>
    <segmented>0</segmented>
    <object>
        <name>licence</name>
        <pose>Unspecified</pose>
        <truncated>0</truncated>
        <occluded>0</occluded>
        <difficult>0</difficult>
        <bndbox>
            <xmin>166</xmin>
            <ymin>225</ymin>
            <xmax>273</xmax>
            <ymax>246</ymax>
        </bndbox>
    </object>
</annotation>