
<annotation>
    <folder>images</folder>
    <filename>Cars170.png</filename>
    <size>
        <width>500</width>
        <height>365</height>
        <depth>3</depth>
    </size>
    <segmented>0</segmented>
    <object>
        <name>licence</name>
        <pose>Unspecified</pose>
        <truncated>0</truncated>
        <occluded>0</occluded>
        <difficult>0</difficult>
        <bndbox>
            <xmin>318</xmin>
            <ymin>190</ymin>
            <xmax>346</xmax>
            <ymax>224</ymax>
        </bndbox>
    </object>
</annotation>