
<annotation>
    <folder>images</folder>
    <filename>Cars395.png</filename>
    <size>
        <width>400</width>
        <height>301</height>
        <depth>3</depth>
    </size>
    <segmented>0</segmented>
    <object>
        <name>licence</name>
        <pose>Unspecified</pose>
        <truncated>0</truncated>
        <occluded>0</occluded>
        <difficult>0</difficult>
        <bndbox>
            <xmin>241</xmin>
            <ymin>182</ymin>
            <xmax>288</xmax>
            <ymax>205</ymax>
        </bndbox>
    </object>
</annotation>