
<annotation>
    <folder>images</folder>
    <filename>Cars161.png</filename>
    <size>
        <width>507</width>
        <height>388</height>
        <depth>3</depth>
    </size>
    <segmented>0</segmented>
    <object>
        <name>licence</name>
        <pose>Unspecified</pose>
        <truncated>0</truncated>
        <occluded>0</occluded>
        <difficult>0</difficult>
        <bndbox>
            <xmin>312</xmin>
            <ymin>283</ymin>
            <xmax>406</xmax>
            <ymax>311</ymax>
        </bndbox>
    </object>
</annotation>