
<annotation>
    <folder>images</folder>
    <filename>Cars369.png</filename>
    <size>
        <width>500</width>
        <height>400</height>
        <depth>3</depth>
    </size>
    <segmented>0</segmented>
    <object>
        <name>licence</name>
        <pose>Unspecified</pose>
        <truncated>0</truncated>
        <occluded>0</occluded>
        <difficult>0</difficult>
        <bndbox>
            <xmin>176</xmin>
            <ymin>253</ymin>
            <xmax>325</xmax>
            <ymax>280</ymax>
        </bndbox>
    </object>
</annotation>