
<annotation>
    <folder>images</folder>
    <filename>Cars322.png</filename>
    <size>
        <width>400</width>
        <height>354</height>
        <depth>3</depth>
    </size>
    <segmented>0</segmented>
    <object>
        <name>licence</name>
        <pose>Unspecified</pose>
        <truncated>0</truncated>
        <occluded>0</occluded>
        <difficult>0</difficult>
        <bndbox>
            <xmin>274</xmin>
            <ymin>257</ymin>
            <xmax>350</xmax>
            <ymax>297</ymax>
        </bndbox>
    </object>
</annotation>