
<annotation>
    <folder>images</folder>
    <filename>Cars224.png</filename>
    <size>
        <width>480</width>
        <height>360</height>
        <depth>3</depth>
    </size>
    <segmented>0</segmented>
    <object>
        <name>licence</name>
        <pose>Unspecified</pose>
        <truncated>0</truncated>
        <occluded>0</occluded>
        <difficult>0</difficult>
        <bndbox>
            <xmin>181</xmin>
            <ymin>250</ymin>
            <xmax>243</xmax>
            <ymax>275</ymax>
        </bndbox>
    </object>
</annotation>