
<annotation>
    <folder>images</folder>
    <filename>Cars252.png</filename>
    <size>
        <width>500</width>
        <height>380</height>
        <depth>3</depth>
    </size>
    <segmented>0</segmented>
    <object>
        <name>licence</name>
        <pose>Unspecified</pose>
        <truncated>0</truncated>
        <occluded>0</occluded>
        <difficult>0</difficult>
        <bndbox>
            <xmin>174</xmin>
            <ymin>237</ymin>
            <xmax>314</xmax>
            <ymax>274</ymax>
        </bndbox>
    </object>
</annotation>