
<annotation>
    <folder>images</folder>
    <filename>Cars310.png</filename>
    <size>
        <width>600</width>
        <height>531</height>
        <depth>3</depth>
    </size>
    <segmented>0</segmented>
    <object>
        <name>licence</name>
        <pose>Unspecified</pose>
        <truncated>0</truncated>
        <occluded>0</occluded>
        <difficult>0</difficult>
        <bndbox>
            <xmin>241</xmin>
            <ymin>369</ymin>
            <xmax>348</xmax>
            <ymax>417</ymax>
        </bndbox>
    </object>
</annotation>