
<annotation>
    <folder>images</folder>
    <filename>Cars398.png</filename>
    <size>
        <width>400</width>
        <height>300</height>
        <depth>3</depth>
    </size>
    <segmented>0</segmented>
    <object>
        <name>licence</name>
        <pose>Unspecified</pose>
        <truncated>0</truncated>
        <occluded>0</occluded>
        <difficult>0</difficult>
        <bndbox>
            <xmin>72</xmin>
            <ymin>139</ymin>
            <xmax>196</xmax>
            <ymax>222</ymax>
        </bndbox>
    </object>
</annotation>