
<annotation>
    <folder>images</folder>
    <filename>Cars316.png</filename>
    <size>
        <width>600</width>
        <height>450</height>
        <depth>3</depth>
    </size>
    <segmented>0</segmented>
    <object>
        <name>licence</name>
        <pose>Unspecified</pose>
        <truncated>0</truncated>
        <occluded>0</occluded>
        <difficult>0</difficult>
        <bndbox>
            <xmin>377</xmin>
            <ymin>405</ymin>
            <xmax>476</xmax>
            <ymax>439</ymax>
        </bndbox>
    </object>
    <object>
        <name>licence</name>
        <pose>Unspecified</pose>
        <truncated>0</truncated>
        <occluded>0</occluded>
        <difficult>0</difficult>
        <bndbox>
            <xmin>379</xmin>
            <ymin>192</ymin>
            <xmax>455</xmax>
            <ymax>220</ymax>
        </bndbox>
    </object>
</annotation>