
<annotation>
    <folder>images</folder>
    <filename>Cars205.png</filename>
    <size>
        <width>399</width>
        <height>400</height>
        <depth>3</depth>
    </size>
    <segmented>0</segmented>
    <object>
        <name>licence</name>
        <pose>Unspecified</pose>
        <truncated>0</truncated>
        <occluded>0</occluded>
        <difficult>0</difficult>
        <bndbox>
            <xmin>156</xmin>
            <ymin>162</ymin>
            <xmax>221</xmax>
            <ymax>199</ymax>
        </bndbox>
    </object>
</annotation>