
<annotation>
    <folder>images</folder>
    <filename>Cars277.png</filename>
    <size>
        <width>400</width>
        <height>291</height>
        <depth>3</depth>
    </size>
    <segmented>0</segmented>
    <object>
        <name>licence</name>
        <pose>Unspecified</pose>
        <truncated>0</truncated>
        <occluded>0</occluded>
        <difficult>0</difficult>
        <bndbox>
            <xmin>48</xmin>
            <ymin>218</ymin>
            <xmax>72</xmax>
            <ymax>225</ymax>
        </bndbox>
    </object>
    <object>
        <name>licence</name>
        <pose>Unspecified</pose>
        <truncated>0</truncated>
        <occluded>0</occluded>
        <difficult>0</difficult>
        <bndbox>
            <xmin>134</xmin>
            <ymin>217</ymin>
            <xmax>153</xmax>
            <ymax>224</ymax>
        </bndbox>
    </object>
    <object>
        <name>licence</name>
        <pose>Unspecified</pose>
        <truncated>0</truncated>
        <occluded>0</occluded>
        <difficult>0</difficult>
        <bndbox>
            <xmin>290</xmin>
            <ymin>220</ymin>
            <xmax>308</xmax>
            <ymax>229</ymax>
        </bndbox>
    </object>
    <object>
        <name>licence</name>
        <pose>Unspecified</pose>
        <truncated>0</truncated>
        <occluded>0</occluded>
        <difficult>0</difficult>
        <bndbox>
            <xmin>373</xmin>
            <ymin>212</ymin>
            <xmax>388</xmax>
            <ymax>217</ymax>
        </bndbox>
    </object>
</annotation>