
<annotation>
    <folder>images</folder>
    <filename>Cars282.png</filename>
    <size>
        <width>350</width>
        <height>263</height>
        <depth>3</depth>
    </size>
    <segmented>0</segmented>
    <object>
        <name>licence</name>
        <pose>Unspecified</pose>
        <truncated>0</truncated>
        <occluded>0</occluded>
        <difficult>0</difficult>
        <bndbox>
            <xmin>37</xmin>
            <ymin>145</ymin>
            <xmax>319</xmax>
            <ymax>203</ymax>
        </bndbox>
    </object>
</annotation>